X,Y,osmid,amenity,building,id
103.837708908296,1.34188794680287,37552597,,yes,1
103.842611262977,1.33433139487166,55620267,,yes,1
103.841703487665,1.33487560579646,55622064,,yes,1
103.859438970024,1.34167701178911,79356970,,yes,1
103.859597097194,1.3411137202753,79356974,,yes,1
103.859918629976,1.34108591615263,79356978,,yes,1
103.860952391396,1.34025603236567,79356980,,yes,1
103.860729906451,1.34021044373687,79356988,,yes,1
103.858984597729,1.342879666604,79356995,,yes,1
103.860188975629,1.34147959883395,79357001,,yes,1
103.858255605988,1.34203930180449,93850011,,yes,1
103.858312709826,1.3448202540524,93852630,,yes,1
103.858191740304,1.34512073000838,93852631,,yes,1
103.858816494144,1.34521514420442,93852632,,yes,1
103.858885417001,1.34491022483943,93852633,,yes,1
103.858662059797,1.34463767556607,93852634,,yes,1
103.859090984838,1.34444842122865,93852635,,yes,1
103.858290561015,1.34435943383056,93852636,,yes,1
103.858779244959,1.34405800422822,93852638,,yes,1
103.852501604227,1.3377686068492,96314496,,yes,1
103.852487716188,1.33815249205886,96314497,,yes,1
103.850783654924,1.33781054307786,96315034,,yes,1
103.852110263916,1.33596541478886,96315038,,yes,1
103.852706113818,1.33589483201202,96315040,,yes,1
103.850456414591,1.33041667613601,96702601,,yes,1
103.850391674941,1.33701114660946,103014702,,yes,1
103.851484003256,1.33701427174149,103014703,,yes,1
103.850390178253,1.33733762520217,103014705,,yes,1
103.851239324631,1.33733355341004,103014707,,yes,1
103.854772082507,1.34445975230573,103145414,,yes,1
103.853432571585,1.3446780942606,103145973,,yes,1
103.855144193155,1.34389045272483,103147502,,yes,1
103.855662015888,1.34412771038941,103147503,,yes,1
103.854138490874,1.34411415751656,103147504,,yes,1
103.854709411884,1.34427787414794,103147508,,yes,1
103.85177013464,1.34414287953934,103260043,,yes,1
103.852474614829,1.34425357065704,103260044,,yes,1
103.851791439561,1.34443828902075,103260046,,yes,1
103.853108757535,1.33471630371307,103536220,,yes,1
103.850540674988,1.33675385341235,103536223,,yes,1
103.845486022898,1.3415399539174,103626734,,residential,1
103.847265301306,1.34155054347967,103626735,,residential,1
103.848586274972,1.33823605388693,103626736,,residential,1
103.8491161,1.34038555,103626737,,residential,1
103.849108153639,1.34010532184899,103626738,,residential,1
103.845474482688,1.34126620853498,103626739,,residential,1
103.84817375,1.34040105,103626740,,residential,1
103.848587874729,1.33954164599456,103626741,,residential,1
103.848390074976,1.33915015425972,103626742,,residential,1
103.846355044947,1.34127158731703,103626743,,residential,1
103.8481712,1.34011155,103626744,,residential,1
103.847255723053,1.3412706641281,103626745,,residential,1
103.846364969412,1.34154834905437,103626746,,residential,1
103.84839265,1.33863125,103626747,,residential,1
103.847834997597,1.34208639562923,103644276,,residential,1
103.8465489904,1.3422591830017,103644278,,residential,1
103.848440200061,1.34471572635074,104740608,,residential,1
103.851296562435,1.34446247327207,104740760,,residential,1
103.85231065,1.3443874,105500306,,yes,1
103.854133663022,1.34455289211722,105500317,,yes,1
103.851549482112,1.33032298655255,111513288,,yes,1
103.850182128581,1.33966916717852,122727884,,yes,1
103.849798265886,1.33987329602581,122727887,,yes,1
103.850466025344,1.33354325582381,122728028,library,yes,1
103.8517942,1.3367381,125627602,,yes,1
103.85023715,1.3326326,125627603,,yes,1
103.844673924775,1.33867749186496,125627604,,yes,1
103.848058746487,1.33577827508767,125627605,,yes,1
103.845261203717,1.34001527128946,125627606,,yes,1
103.850682021064,1.33633558829945,125627607,,yes,1
103.848521888725,1.3353010485682,125627608,,retail,1
103.849181989716,1.33531420725698,125627609,,retail,1
103.84926071955,1.33358119782572,125627610,,yes,1
103.847735093066,1.33525632214055,125627612,,yes,1
103.845720049864,1.33868558940761,125627613,,yes,1
103.848661856324,1.33382206506279,125627614,,yes,1
103.844899125403,1.33955960361414,125627615,,yes,1
103.848855174987,1.33335535098418,125627616,,yes,1
103.852350343175,1.33465724438372,125627617,,residential,1
103.851796828134,1.33501502492867,125627618,,yes,1
103.851723846594,1.3343058251611,125627619,,yes,1
103.84575494986,1.33755087521369,125627620,,yes,1
103.84463300388,1.33910732887776,125627621,,yes,1
103.85273395,1.3341716,125627622,,yes,1
103.852119774252,1.33641260405312,125627623,,yes,1
103.845585475404,1.33909090163979,125627625,,yes,1
103.849824971144,1.3353188249091,125627626,,retail,1
103.851542718758,1.33628429223628,125627627,,yes,1
103.85225605274,1.3341318829298,125627628,,yes,1
103.8520542,1.3338973,125627629,,residential,1
103.84748065,1.3402985,125627721,,yes,1
103.846152777761,1.34047315079705,125627722,,yes,1
103.844271452095,1.33802694204447,125631008,,yes,1
103.845655329867,1.33827571638136,125631012,,yes,1
103.844729217296,1.33810073728765,125631014,,yes,1
103.845184967799,1.33802710038063,125631016,,yes,1
103.849511275429,1.33847244052422,125635132,,yes,1
103.84946895,1.3380788,125635138,,yes,1
103.84901295,1.33891175,125635139,,yes,1
103.849622483545,1.33902629860482,125635141,,yes,1
103.848956904639,1.33714716066473,125635142,,yes,1
103.850053607079,1.34277931822668,132001459,,yes,1
103.851025505909,1.34272451347938,132001469,,yes,1
103.850352498651,1.34318701101879,132001470,,yes,1
103.859466152862,1.33736857553519,148404806,,yes,1
103.859323187203,1.33824597457438,148408730,,yes,1
103.858814725162,1.33758849710326,148408731,,yes,1
103.859201261598,1.33871493657884,148409540,,yes,1
103.85894259059,1.33712211582863,148409541,,yes,1
103.854415536162,1.34026667461526,148409809,marketplace,yes,1
103.858948021154,1.33459613058296,148543923,clinic,yes,1
103.858961211763,1.33638741028453,148543924,,yes,1
103.8590822,1.3359116,148543925,,yes,1
103.858007878821,1.33947627458405,150724675,,yes,1
103.857182674876,1.33889105446165,150724676,,yes,1
103.855926103494,1.3394558215004,150724677,,yes,1
103.858370363294,1.3371279382679,150724679,,yes,1
103.858375286805,1.33663703818542,150724680,,yes,1
103.858460824975,1.33827542867076,150724681,,yes,1
103.858801571225,1.33910427519115,150724682,,yes,1
103.857952875529,1.33855624554791,150724683,,yes,1
103.85707445,1.33946245,150724684,,yes,1
103.83903605,1.33317485,168815544,,yes,1
103.83962487744,1.33363891950966,168815547,public_building,yes,1
103.846204038008,1.33911054432306,169227972,,yes,1
103.84485196402,1.34177748838914,169227973,,yes,1
103.846360662452,1.33984467743003,169227974,,yes,1
103.845244,1.3423211,169227975,,residential,1
103.848452619161,1.33629907512513,169227977,,yes,1
103.845244,1.34182865,169227978,,yes,1
103.844616496213,1.3412608420622,169227979,,yes,1
103.844325395496,1.34090522698111,169227980,,yes,1
103.844319830894,1.34063061936615,169227981,,yes,1
103.845273395229,1.34033721020865,169227982,,yes,1
103.84762000244,1.3395712888602,169467528,,yes,1
103.847580252949,1.33908600523232,169467529,,yes,1
103.847278199217,1.33870195246655,169467530,,yes,1
103.846898515568,1.3387435715862,169467532,,yes,1
103.847276545085,1.33972198640144,169467533,,yes,1
103.847788352084,1.33848833583058,169467932,,yes,1
103.848656466369,1.33888765862885,169467933,,yes,1
103.85202055,1.34302975,169511247,place_of_worship,yes,1
103.846017573695,1.34298319577647,169511248,,yes,1
103.852367271559,1.34291453292606,169511250,,yes,1
103.847317979079,1.34329832641135,169511251,,yes,1
103.850799964349,1.34079249515269,169517613,,yes,1
103.852229440751,1.34043544512564,169517614,,yes,1
103.850684524843,1.3419734524531,169517615,,yes,1
103.849182572546,1.34204162515657,169517616,,yes,1
103.849133096483,1.34144802852044,169517617,,yes,1
103.849595947035,1.34151452444444,169517618,,yes,1
103.851057069889,1.34050275207243,169517619,,yes,1
103.8502413705,1.34127263187838,169517620,,yes,1
103.851580434585,1.34020256056979,169517621,,yes,1
103.850941522744,1.3414845833095,169517622,,yes,1
103.852304324174,1.33996731310013,169517623,,yes,1
103.853127382016,1.33743191506642,169517711,,yes,1
103.852637809793,1.33714253676819,169517712,,yes,1
103.851644327209,1.33840857025788,169517713,,yes,1
103.853678734226,1.33718527526095,169518580,,yes,1
103.85394468637,1.33639926043857,169518581,,yes,1
103.854661905866,1.33628691201942,169518582,community_centre,yes,1
103.853388752376,1.33650810601807,169518583,,yes,1
103.855193281537,1.33603387193933,169518584,,yes,1
103.854029809117,1.33687432877672,169518586,,yes,1
103.854361682053,1.33579265988608,169518587,,yes,1
103.853912232182,1.33579357288073,169518614,,yes,1
103.854437228042,1.34099732523488,169524934,,yes,1
103.856094275465,1.34115566160651,169524935,,yes,1
103.85515085,1.341758,169524936,,yes,1
103.85469455,1.3426451,169524937,,yes,1
103.85588865,1.34274075,169524938,,yes,1
103.8551822,1.34271325,169524939,,yes,1
103.85646372448,1.34260527134819,169524940,,yes,1
103.854383353699,1.34180197866225,169524941,,yes,1
103.85419865,1.3424725,169524942,,yes,1
103.8560756,1.34171845,169524943,,yes,1
103.8555896,1.34122485,169524944,,yes,1
103.85698895,1.342613,169524945,,yes,1
103.856885801427,1.34061992809536,169525196,,yes,1
103.854344922256,1.34065327494735,169525197,,yes,1
103.853772,1.34042465,169525198,,yes,1
103.858214933209,1.34068271644751,169525481,,yes,1
103.858629417086,1.3403811854643,169525484,,yes,1
103.857783898102,1.34075608666797,169525486,,yes,1
103.859602857999,1.33986699910502,169525488,,yes,1
103.859879898813,1.33956047706914,169525489,,yes,1
103.859166457519,1.34015293116149,169525490,,yes,1
103.857301561621,1.33802887504616,169525921,,yes,1
103.85842195,1.33571825,169525922,,yes,1
103.857241061621,1.33713847504616,169525924,,yes,1
103.858316313208,1.33617776553328,169525925,,yes,1
103.857183986506,1.33851684104714,169525926,,yes,1
103.857715209335,1.33659448286851,169526079,,yes,1
103.856716094396,1.33773855827552,169526080,,yes,1
103.857769263093,1.33762180314905,169526081,,yes,1
103.85583150395,1.33864392893718,169526702,,yes,1
103.855545354533,1.3390481204677,169526703,,yes,1
103.8544709,1.3391818,169528287,,yes,1
103.853716870757,1.33859172530678,169528289,,yes,1
103.85344167925,1.33939482469327,169528290,,yes,1
103.86137995,1.33547135,169537915,,yes,1
103.861416394269,1.33637141926903,169537916,,yes,1
103.861421875317,1.33612409506239,169537917,,yes,1
103.860466395235,1.33637802986821,169537918,,yes,1
103.861260817172,1.33712882492846,169537919,,yes,1
103.8604576,1.33577125,169537920,,yes,1
103.860471875159,1.33612409620156,169537921,,yes,1
103.860121075153,1.33674098887056,169537922,,yes,1
103.861367969295,1.33577922528554,169537923,,yes,1
103.86126685,1.33678255,169537924,,yes,1
103.8604696,1.3354645,169537925,,yes,1
103.860391041621,1.33711378337743,169537926,,yes,1
103.8603002,1.33451265,169538107,,yes,1
103.861311624968,1.33451429491969,169538108,,yes,1
103.859055559734,1.33496507452931,169538530,place_of_worship,yes,1
103.8584625,1.33462605,169538531,,yes,1
103.8584951,1.3349562,169538532,,yes,1
103.859409914251,1.33476706272646,169538533,community_centre,yes,1
103.86104785,1.33495785,169538674,,yes,1
103.857060013968,1.3360994954067,169539031,,yes,1
103.8568193,1.33573655,169539032,,yes,1
103.856387119878,1.33631602667235,169539034,,yes,1
103.856550175478,1.334739315704,169539356,,yes,1
103.857528105214,1.33540671244079,169539357,,yes,1
103.85648885235,1.33531487226506,169539358,,yes,1
103.857207467679,1.33456055609051,169539359,,yes,1
103.857193993166,1.33494476233342,169539360,,yes,1
103.857006925904,1.33537429326063,169539361,,yes,1
103.855743874067,1.33045135586776,169541496,,yes,1
103.858986714084,1.33043501732399,169541499,,yes,1
103.856619004091,1.3318448883478,169541502,,yes,1
103.855824363395,1.33010382908849,169541504,,yes,1
103.858602375123,1.33040451485744,169541509,,yes,1
103.8581689,1.33095675,169541512,,yes,1
103.856530829288,1.33023292484492,169541514,,yes,1
103.856621174013,1.33107368683459,169541516,,yes,1
103.856372313213,1.33068812675398,169541518,,yes,1
103.858382917042,1.33173924961264,169541520,,yes,1
103.857097941517,1.33160413750957,169541522,,yes,1
103.857763057058,1.33163719228486,169541523,,yes,1
103.856612369093,1.33134466764145,169541528,,yes,1
103.857248207441,1.33123344043135,169541531,,yes,1
103.857767456254,1.33113294529209,169541533,,yes,1
103.857750823492,1.33366845949422,169541534,,yes,1
103.856862972703,1.33296644370466,169541535,,yes,1
103.857790998303,1.33280478644765,169541536,,yes,1
103.857079351183,1.33362629122391,169541544,,yes,1
103.858272824638,1.33214267231867,169541546,,yes,1
103.856465561875,1.33231878556519,169541547,,yes,1
103.856475068123,1.3299429054631,169542539,place_of_worship,yes,1
103.855916410209,1.33088477607832,169542540,,residential,1
103.8599028574,1.33348058087089,169542541,,yes,1
103.855924655172,1.33151075789935,169542542,,yes,1
103.85537030641,1.33122693646065,169542543,,yes,1
103.856155535235,1.33190638377556,169542544,place_of_worship,yes,1
103.853788574665,1.33311057805799,169842541,,yes,1
103.854529525539,1.33320465293796,169842542,,yes,1
103.85336578991,1.33220188259455,169842940,,yes,1
103.852392361907,1.3320855390077,169842941,,yes,1
103.853391410664,1.33317724112234,169842942,,yes,1
103.851931875418,1.33300659323601,169842943,,yes,1
103.852885962948,1.33314340005902,169842944,,commercial,1
103.852372341094,1.33310258713603,169842945,,yes,1
103.854662686792,1.33434979314105,169844044,,yes,1
103.85519451414,1.33483678207284,169844046,,yes,1
103.854731306581,1.33741323872253,169844048,,yes,1
103.851298938307,1.3358204889168,169844049,,yes,1
103.855847367821,1.33452743972432,169844050,,yes,1
103.85420815,1.3347853,169844051,,yes,1
103.85200355,1.3345391,169844052,,yes,1
103.8517545,1.3337905,169844053,,yes,1
103.85518586881,1.33528323608001,169844055,,yes,1
103.84648087803,1.33394401298158,170089574,place_of_worship,yes,1
103.845042074539,1.33521819248713,170089575,community_centre,yes,1
103.8453919,1.33462935,170089576,,yes,1
103.843700121409,1.33475499254608,170089578,,residential,1
103.843843262203,1.33385447433045,170089579,,residential,1
103.844621239864,1.33383873435386,170089580,,residential,1
103.845243164037,1.33252462711884,170089756,,residential,1
103.845554611837,1.33237831753582,170089757,,residential,1
103.846198330681,1.33317726932983,170090278,,residential,1
103.843962772926,1.33580095507581,170090279,,residential,1
103.844121118597,1.33537355414684,170090280,,residential,1
103.845138940959,1.33573738376172,170090281,,residential,1
103.845783850702,1.33575695313059,170090282,,residential,1
103.846460761556,1.33464792368443,170091545,,residential,1
103.846198997954,1.33517759341814,170091548,,residential,1
103.845925364186,1.33414423297591,170091552,,residential,1
103.845097673419,1.33453959080674,170091555,,residential,1
103.845766803738,1.33270483009965,170092202,,residential,1
103.845309902325,1.33363488688369,170092205,,residential,1
103.84521825,1.33400775,170092207,,yes,1
103.849411644029,1.33630388096327,170093269,,yes,1
103.846843935352,1.33635418964005,170093270,,yes,1
103.8475005,1.3362943,170093272,,yes,1
103.84844595,1.33629755,170093275,,yes,1
103.846493690573,1.33682583721965,170093276,,yes,1
103.850430018793,1.33538899867929,170352151,,yes,1
103.848462521514,1.33583983820605,170352152,,yes,1
103.848859660538,1.33561635626447,170352153,,yes,1
103.847697138218,1.33573366083364,170352154,,yes,1
103.846827547963,1.3357533533484,170352155,,yes,1
103.847052481864,1.33534726700096,170352156,,yes,1
103.848944475905,1.33596528869329,170352157,,yes,1
103.850068984372,1.33564151548185,170401660,,yes,1
103.849791172938,1.33596758310743,170401661,,yes,1
103.849128242432,1.33462934713746,170402310,,apartments,1
103.848045635643,1.33463472522815,170402311,,apartments,1
103.847605766228,1.33493536237428,170402316,,yes,1
103.849712916788,1.33466968925769,170402317,,yes,1
103.848576161371,1.33461917515817,170402318,,apartments,1
103.849846808159,1.33446752687558,170402319,,yes,1
103.847452905973,1.33464580059281,170402320,,apartments,1
103.850737085813,1.33485705481312,170402336,place_of_worship,yes,1
103.850337665859,1.33479832926146,170402337,community_centre,yes,1
103.85104367726,1.3318767554478,170402475,,yes,1
103.851311750376,1.33157070354333,170402476,,yes,1
103.851285075159,1.33233453654155,170402477,,yes,1
103.850972434767,1.3340352597792,170402478,,yes,1
103.850972597303,1.33361639851202,170402479,,yes,1
103.85044126084,1.33163001688415,170402480,,yes,1
103.850098976101,1.33388745488476,170403422,,yes,1
103.8474400755,1.33229207288767,170403423,,transportation,1
103.849681652558,1.33257777498703,170403424,,yes,1
103.84999765,1.3327137,170403425,,yes,1
103.847500438446,1.33311660768321,170403426,,yes,1
103.846956337011,1.3328877255503,170403707,,yes,1
103.847069960565,1.33337486422986,170403708,,yes,1
103.8493637891,1.33202702050481,170403709,,yes,1
103.848490369356,1.33203690920867,170403710,,yes,1
103.847873481541,1.33259227201398,170403711,,yes,1
103.84940283003,1.33138779935368,170403712,,yes,1
103.8455849,1.3307039,170403957,,residential,1
103.845092284478,1.33141211618533,170403958,,residential,1
103.845041794053,1.33090650488622,170403959,,residential,1
103.844975121568,1.33017273673263,170403960,,yes,1
103.845024325147,1.33048330977469,170403961,,residential,1
103.844090337034,1.33203314506489,170404065,,residential,1
103.842704321362,1.33174733196507,170404067,,residential,1
103.843442669355,1.33186847448713,170404069,,residential,1
103.842696478198,1.33126864103235,170404328,,residential,1
103.842843092536,1.33082859144844,170404329,,residential,1
103.84086017693,1.33018919982983,170404330,,yes,1
103.84191089582,1.33063507470383,170404331,,residential,1
103.84255035,1.3300038,170404333,,residential,1
103.842462710573,1.33025897164984,170404334,,residential,1
103.843089864435,1.33032084343284,170404335,,residential,1
103.844028417067,1.33323491491342,170405079,,yes,1
103.844641964391,1.33320108299927,170405080,,yes,1
103.840627147822,1.33125127481722,170405082,,yes,1
103.841411187799,1.33143365154759,170405083,,yes,1
103.841719497577,1.33165182043958,170405084,,yes,1
103.841047499565,1.33125097398994,170405085,,yes,1
103.84410142534,1.33053984241974,170405840,,yes,1
103.84366746451,1.3305335829481,170405841,,yes,1
103.845632690593,1.33668908949725,170406098,,residential,1
103.8464737,1.3407288,173180245,,yes,1
103.847391874088,1.34066144393223,173180255,,yes,1
103.852939352786,1.33607343802932,193082619,,commercial,1
103.862909908945,1.32786668731911,198101281,,residential,1
103.846450416975,1.34328325619077,220026211,food_court,yes,1
103.83688135242,1.34157930467907,231917874,,yes,1
103.839088666762,1.33882330316143,231917879,,yes,1
103.839070122793,1.33975292867195,231917881,,yes,1
103.838974230115,1.33926467623536,231917887,,yes,1
103.838633130412,1.34256537234744,231917894,,yes,1
103.83796095,1.33842735,231917905,,yes,1
103.8407399,1.3406626,231917906,,yes,1
103.84720135,1.33112235,231917907,,yes,1
103.8487933,1.3308652,231917916,,yes,1
103.838854830611,1.33879790829193,231917918,,yes,1
103.840646930866,1.34140644235984,231917925,,yes,1
103.8387602,1.3371543,231917928,,yes,1
103.841048379216,1.34143838164046,231917929,,yes,1
103.838433,1.3371419,231917930,,yes,1
103.8390713,1.3371605,231917931,,yes,1
103.841421586729,1.34147997209205,231917932,,yes,1
103.83718395,1.3416507,231917933,,yes,1
103.841112224907,1.34202873954775,231917940,,yes,1
103.8384852,1.3383912,231917941,,yes,1
103.838074974874,1.33714374504274,231917942,,yes,1
103.838011557297,1.34148486828903,231917946,,yes,1
103.8398502,1.33731075,231917950,,yes,1
103.83982257705,1.33773463297443,231917956,,yes,1
103.83712898476,1.34140466629023,231917961,,yes,1
103.837898625202,1.33877912206864,231917962,,yes,1
103.838490871348,1.34196349055977,231917964,,yes,1
103.839060634583,1.33852987670839,231917965,,yes,1
103.838818357765,1.34211981290774,231917974,,yes,1
103.839442184951,1.3371381027393,231917975,,yes,1
103.84177230579,1.3271987238983,258849316,,yes,1
103.84109607322,1.32680934156658,260696406,,yes,1
103.838812171933,1.32660243210983,261166351,,yes,1
103.839795849353,1.32688900890214,261166352,,yes,1
103.840833411412,1.32682600725936,261166356,,yes,1
103.840609306609,1.32680088195751,261166360,,yes,1
103.83988257586,1.32677343555767,261166362,,yes,1
103.8387079,1.32695395,261166366,,yes,1
103.839018428453,1.32664985267527,261166373,,yes,1
103.838995224789,1.32678449070958,261166376,,yes,1
103.839367364476,1.32676377532498,261166391,,yes,1
103.838593826372,1.32702529786653,261166396,,yes,1
103.838650557116,1.32688289289244,261166399,,yes,1
103.840107508019,1.32680991492052,261166400,,yes,1
103.84030775,1.32685065,261166402,,yes,1
103.84043498975,1.32673719948447,261166410,,yes,1
103.838815864581,1.3269637949449,261166422,,yes,1
103.839006450568,1.32700292722225,261166430,,yes,1
103.840288105285,1.33059323725415,261409586,,yes,1
103.839983337263,1.33084811022683,261409587,,yes,1
103.839779012084,1.33060040715214,261409588,,yes,1
103.8403345,1.3309879,261409589,,yes,1
103.84013914254,1.33071534747066,261409590,,yes,1
103.844980746696,1.32891069646735,271791473,,residential,1
103.848177444174,1.32912163607347,271791489,,yes,1
103.84170804878,1.32774277908089,271791491,,yes,1
103.846919376609,1.32847875880975,271791505,place_of_worship,yes,1
103.855870761703,1.32848344476354,271794711,,residential,1
103.839740427117,1.33145995892133,271798530,,yes,1
103.8411211,1.33247775,271798531,,yes,1
103.843018517102,1.3320516579475,271798533,,yes,1
103.841065867626,1.33399615397412,271798534,,yes,1
103.8412854,1.3327657,271798535,,yes,1
103.8406533,1.3319599,271798536,,yes,1
103.841359287288,1.3332474331094,271798537,,yes,1
103.841657129932,1.33359661258155,271798538,,yes,1
103.850374964373,1.34443241695306,292420568,,school,1
103.855712906052,1.33741353535259,292420586,,yes,1
103.852101950847,1.3417602821094,293503144,,yes,1
103.8564823,1.33861375,299785789,,yes,1
103.8402939,1.3301181,312174503,,yes,1
103.840354137298,1.33002780068011,312174504,,yes,1
103.842045160747,1.34158242677779,318346365,,apartments,1
103.85787015,1.3305328,330069886,place_of_worship,yes,1
103.849267051787,1.33304063668207,330069887,,yes,1
103.857277646296,1.33256862130196,330069888,,yes,1
103.857727722367,1.32981395339866,330069890,place_of_worship,yes,1
103.857324447584,1.3304704004335,330069891,place_of_worship,yes,1
103.857284009544,1.33009857227001,330069892,place_of_worship,yes,1
103.857443304621,1.33044087066229,330069893,,yes,1
103.857023579335,1.33032696857722,330069894,,yes,1
103.8574922,1.3302948,330069895,,yes,1
103.85719395,1.33048505,330069896,,yes,1
103.8575907,1.330159,330069897,,yes,1
103.857561549767,1.33004899869765,330069898,,yes,1
103.857609006097,1.33026139890402,330069899,,yes,1
103.857023220046,1.33014513354721,330069900,,yes,1
103.857109098759,1.33058334827306,330069901,,yes,1
103.857592245141,1.33045890305519,330069902,,yes,1
103.857226942054,1.32986426479937,330069903,,yes,1
103.856830496254,1.32994269745783,330069904,,yes,1
103.8493988,1.3316782,330213756,,yes,1
103.849843592977,1.33199221565651,330213757,,yes,1
103.848429493253,1.33259158034777,330213758,,yes,1
103.848136537197,1.34141226739247,330213762,,yes,1
103.848166390408,1.3411362199976,330213764,,yes,1
103.846577488391,1.3378361992299,330214939,,residential,1
103.846786139304,1.33808389284027,330214957,,residential,1
103.846538486049,1.33740709333732,330214959,,residential,1
103.863849074521,1.33194619632171,408630591,,school,1
103.856674336735,1.32853281669354,439331343,,yes,1
103.856310911078,1.32847021829622,439331468,,yes,1
103.856640753658,1.32853329276931,439331559,,yes,1
103.85616954679,1.32844490054866,439331587,,yes,1
103.840236341506,1.33461257603289,453493894,,yes,1
103.84057326402,1.33323927205851,453493895,,yes,1
103.836860632748,1.33582412124097,453493936,,yes,1
103.84017513306,1.33435093763796,453493940,,yes,1
103.83678466744,1.33778114651409,453493946,,yes,1
103.836755925761,1.33750074505419,453493947,,yes,1
103.836850652567,1.33718758760003,453493948,,yes,1
103.836762647849,1.33608505438169,453493949,,yes,1
103.836784960507,1.33627312176707,453493950,,yes,1
103.8412531,1.34118155,453520115,,yes,1
103.8411735,1.34116415,453520116,,yes,1
103.8410939,1.34114675,453520117,,yes,1
103.8410143,1.34112935,453520118,,yes,1
103.84093465,1.34111195,453520119,,yes,1
103.840855009524,1.3410945802013,453520120,,yes,1
103.841417381117,1.33998116565621,453520121,,yes,1
103.841751546821,1.34018491834771,453520122,,yes,1
103.841579687869,1.34008511715152,453520123,,yes,1
103.842030900558,1.34035555009678,453520124,,yes,1
103.842210371033,1.34045205908645,453520125,,yes,1
103.8406525,1.34023345,453520126,,yes,1
103.840775479323,1.34025934019001,453520127,,yes,1
103.84092895,1.34028865,453520128,,yes,1
103.84104195,1.34030355,453520129,,yes,1
103.841120140784,1.34031822098096,453520130,,yes,1
103.84124555,1.34035635,453520131,,yes,1
103.8413901,1.3403784,453520132,,yes,1
103.841504007344,1.34044866373728,453520133,,yes,1
103.84157355,1.3405587,453520134,,yes,1
103.841665586869,1.34069195426031,453520135,,yes,1
103.8417418,1.3408047,453520136,,yes,1
103.84178925,1.34118165,453520137,,yes,1
103.841798440035,1.34096230456732,453520138,,yes,1
103.8417936,1.34106965,453520139,,yes,1
103.84238959065,1.3409043192507,453520140,,yes,1
103.842331782338,1.34128727709767,453520141,,yes,1
103.842306049004,1.34108625641846,453520142,,yes,1
103.842420213883,1.34055162921455,453520143,,yes,1
103.837922991541,1.34362497218382,453520148,,yes,1
103.83789854626,1.34388542915014,453520149,,yes,1
103.83788328903,1.34409652134561,453520150,,yes,1
103.83787065,1.34424805,453520151,,yes,1
103.837614105393,1.34417806182805,453520178,,yes,1
103.837571444583,1.34403055495073,453520184,,yes,1
103.837402592142,1.34399161064756,453520185,,yes,1
103.837327566596,1.34396784877415,453520186,,yes,1
103.83717548493,1.3436283242366,453520187,,yes,1
103.837598040651,1.34366854560946,453520188,,yes,1
103.83737825,1.34367775,453520189,,yes,1
103.837499084942,1.34341662314489,453520190,,yes,1
103.837874655632,1.34330086867589,453520191,,yes,1
103.837665206637,1.34310064606928,453520192,,yes,1
103.837298823297,1.34288474405365,453520193,,yes,1
103.837071927604,1.34278363962321,453520194,,yes,1
103.836822886964,1.3426745132972,453520195,,yes,1
103.83658094563,1.34253777848415,453520196,,yes,1
103.836414181148,1.34244407936961,453520197,,yes,1
103.837222814725,1.34341901984829,453520198,,yes,1
103.83705181147,1.34310807493598,453520199,,yes,1
103.836895645583,1.34307241488056,453520200,,yes,1
103.836816112428,1.34306237974502,453520201,,yes,1
103.836700120071,1.34299881294212,453520202,,yes,1
103.836511185113,1.34290503735687,453520203,,yes,1
103.836383475089,1.34281740027475,453520204,,yes,1
103.836324480531,1.34275714777086,453520205,,yes,1
103.836239992769,1.34268394640201,453520206,,yes,1
103.836232762933,1.34253375371506,453520207,,yes,1
103.836190091997,1.34262338692506,453520208,,yes,1
103.836101329683,1.34254328501875,453520209,,yes,1
103.836813818613,1.34111646722489,453520218,,yes,1
103.837076172226,1.34069086198549,453520219,,yes,1
103.837546817587,1.34066085456322,453520220,,yes,1
103.838139884202,1.34064353190977,453520221,,yes,1
103.83874057302,1.34109843249316,453520222,,yes,1
103.840104343489,1.3418326354832,453520223,,yes,1
103.839707452068,1.34231074064239,453520224,,yes,1
103.841895150158,1.34279511640392,453520225,,yes,1
103.841523566503,1.34272475847804,453520226,,yes,1
103.840856180523,1.34303163855139,453520227,,yes,1
103.840354326059,1.34261533968069,453520228,,yes,1
103.860777206387,1.34509267496567,453947870,,residential,1
103.860675481547,1.34541954271319,453947874,,yes,1
103.86073549785,1.34532782040888,453947884,,residential,1
103.860759382155,1.34522367756854,453947891,,residential,1
103.861033179392,1.34412773573263,453978568,,yes,1
103.86110835,1.3439697,453978572,,yes,1
103.861015374507,1.34423120473122,453978605,,yes,1
103.860834096638,1.3448354813365,453978609,,residential,1
103.860883197013,1.34468164252108,453978654,,residential,1
103.860918951266,1.34445568832634,453978655,,residential,1
103.860899064195,1.34456943051078,453978657,,residential,1
103.860945178921,1.34435077547761,453978660,,residential,1
103.841516924957,1.32865835513478,453982833,,yes,1
103.850970854309,1.33701781239384,454179528,,yes,1
103.850902062961,1.33716383729089,454179555,,yes,1
103.851958151111,1.33580828698122,454179560,,yes,1
103.84359445,1.3389681,454179583,,yes,1
103.851823997521,1.33786491254156,454179586,,yes,1
103.85284169107,1.33745641075928,454179597,,yes,1
103.852458491541,1.33851956583999,454179617,,yes,1
103.851755197124,1.33725366301145,454179618,,yes,1
103.86259958939,1.33561543022707,454192953,,yes,1
103.862639048278,1.33739772382945,454192960,,yes,1
103.860846102928,1.33828598181905,454192978,,yes,1
103.862634231076,1.33680244241389,454192983,,yes,1
103.854567174262,1.33661961381327,454193005,,yes,1
103.863127181083,1.32803271352174,454209275,,yes,1
103.83702760079,1.34336428725588,455121729,,yes,1
103.849999689104,1.34207268584979,455136078,,yes,1
103.849758636463,1.34199832424565,455136079,,yes,1
103.8497583,1.3421549,455136080,,yes,1
103.84617325,1.34324205,455137207,,yes,1
103.840512796039,1.3389418358971,455152594,,yes,1
103.841054321705,1.33856195720592,455152595,,yes,1
103.837509785847,1.34005630669537,455152596,place_of_worship,yes,1
103.8420669,1.33121845,455152597,,yes,1
103.8409339,1.3391886,455152598,,yes,1
103.839360695457,1.33816607948122,455152601,,yes,1
103.840437633261,1.33830306503192,455152602,,yes,1
103.840471345033,1.33841008397683,455152603,,yes,1
103.83992673134,1.33893312642758,455152604,,yes,1
103.84069415,1.3391837,455152605,,yes,1
103.84041940259,1.33854082943567,455152608,,yes,1
103.84043525,1.33870865,455152611,,yes,1
103.842190213423,1.33156599052423,455152613,,yes,1
103.8398634,1.33904755,455152614,,yes,1
103.837884106391,1.3401696652387,455152618,,yes,1
103.840963966715,1.3390555667859,455152620,,yes,1
103.840846962534,1.33846919547343,455152623,,yes,1
103.839965724029,1.33884160246969,455152624,,yes,1
103.840640674551,1.33842887121228,455152625,,yes,1
103.840965189182,1.33882699257503,455152627,,yes,1
103.83990483697,1.3383955189529,455152628,,yes,1
103.83996424532,1.3387563213228,455152630,,yes,1
103.839855257022,1.33825254499439,455152631,,yes,1
103.839952494973,1.33860173714629,455152633,,yes,1
103.840779540193,1.33991865333643,455152634,,yes,1
103.841178896943,1.33987326183799,455152635,,yes,1
103.840980012043,1.33989236363064,455152636,,yes,1
103.8525251,1.33564205,455153924,,yes,1
103.8524177,1.33067985,455153925,,yes,1
103.851191475295,1.33287043485768,455153926,,yes,1
103.852165226539,1.33523808577769,455153927,,yes,1
103.851159837825,1.33269518003118,455153928,,yes,1
103.845522552587,1.33963468711792,455153929,,yes,1
103.8453973,1.33976305,455153930,,yes,1
103.850922045786,1.33323182119072,455153931,,yes,1
103.845361225345,1.33961502742292,455153932,,yes,1
103.85513915,1.33935895,455256730,,yes,1
103.85622575,1.33838655,455256731,,yes,1
103.85702495,1.34005615,479387942,,yes,1
103.839272995496,1.32860793223633,481060176,,yes,1
103.846617199118,1.33631400327306,481622753,,yes,1
103.846636554305,1.33613483008466,481622754,car_wash,yes,1
103.848703576651,1.34114046810244,481663227,,yes,1
103.841510241325,1.3453744833581,504335074,,yes,1
103.842812191735,1.33837474712681,505216243,,residential,1
103.842596641145,1.33745867863381,505216245,,residential,1
103.862936193031,1.33308736988214,541984275,,school,1
103.86330253489,1.33274409526913,541984276,,school,1
103.86301745,1.3327392,541984277,,school,1
103.849216940388,1.330264932059,541986547,,yes,1
103.8399182,1.3397161,543420695,,yes,1
103.855660163513,1.33327168996429,543565756,,residential,1
103.8552634963,1.33254819003605,543565757,,residential,1
103.855267157908,1.33356278684036,543565758,,residential,1
103.8536647,1.33887395,546928227,,yes,1
103.8533812,1.33969495,546928229,,yes,1
103.849141974668,1.33722193856724,550568840,,yes,1
103.848444225102,1.33732841281206,550568841,,yes,1
103.84876315,1.33677445,550568842,,yes,1
103.849536474723,1.33676893446145,550568843,,yes,1
103.843985642079,1.33624667060868,552994343,,residential,1
103.844856049034,1.33622991826177,552994344,,residential,1
103.84556344438,1.33624466146516,552994345,,residential,1
103.844052417158,1.33668645912415,552994346,,residential,1
103.855445248171,1.33304484346088,552995076,,residential,1
103.843320835617,1.33713867750763,552997971,,yes,1
103.842649657128,1.33812275635605,552997975,,yes,1
103.842694879557,1.33796661284961,552997977,,yes,1
103.843291878839,1.33795647261696,552997980,,yes,1
103.843251302546,1.3383848951159,552997984,,residential,1
103.84314653733,1.33744898321272,552997989,,residential,1
103.839555665677,1.33527183218517,553690157,,dormitory,1
103.839623,1.3350113,553690159,,dormitory,1
103.859218926231,1.33126367004126,590283801,,apartments,1
103.845616840384,1.33790265181629,617290075,,yes,1
103.848602671757,1.34312461709668,626624077,,commercial,1
